[
  {
    "name": "نماد 1",
    "icon": "نماد1",
    "desc": "توضیح نماد 1"
  },
  {
    "name": "نماد 2",
    "icon": "نماد2",
    "desc": "توضیح نماد 2"
  },
  {
    "name": "نماد 3",
    "icon": "نماد3",
    "desc": "توضیح نماد 3"
  },
  {
    "name": "نماد 4",
    "icon": "نماد4",
    "desc": "توضیح نماد 4"
  },
  {
    "name": "نماد 5",
    "icon": "نماد5",
    "desc": "توضیح نماد 5"
  },
  {
    "name": "نماد 6",
    "icon": "نماد6",
    "desc": "توضیح نماد 6"
  },
  {
    "name": "نماد 7",
    "icon": "نماد7",
    "desc": "توضیح نماد 7"
  },
  {
    "name": "نماد 8",
    "icon": "نماد8",
    "desc": "توضیح نماد 8"
  },
  {
    "name": "نماد 9",
    "icon": "نماد9",
    "desc": "توضیح نماد 9"
  },
  {
    "name": "نماد 10",
    "icon": "نماد10",
    "desc": "توضیح نماد 10"
  },
  {
    "name": "نماد 11",
    "icon": "نماد11",
    "desc": "توضیح نماد 11"
  },
  {
    "name": "نماد 12",
    "icon": "نماد12",
    "desc": "توضیح نماد 12"
  },
  {
    "name": "نماد 13",
    "icon": "نماد13",
    "desc": "توضیح نماد 13"
  },
  {
    "name": "نماد 14",
    "icon": "نماد14",
    "desc": "توضیح نماد 14"
  },
  {
    "name": "نماد 15",
    "icon": "نماد15",
    "desc": "توضیح نماد 15"
  },
  {
    "name": "نماد 16",
    "icon": "نماد16",
    "desc": "توضیح نماد 16"
  },
  {
    "name": "نماد 17",
    "icon": "نماد17",
    "desc": "توضیح نماد 17"
  },
  {
    "name": "نماد 18",
    "icon": "نماد18",
    "desc": "توضیح نماد 18"
  },
  {
    "name": "نماد 19",
    "icon": "نماد19",
    "desc": "توضیح نماد 19"
  },
  {
    "name": "نماد 20",
    "icon": "نماد20",
    "desc": "توضیح نماد 20"
  },
  {
    "name": "نماد 21",
    "icon": "نماد21",
    "desc": "توضیح نماد 21"
  },
  {
    "name": "نماد 22",
    "icon": "نماد22",
    "desc": "توضیح نماد 22"
  },
  {
    "name": "نماد 23",
    "icon": "نماد23",
    "desc": "توضیح نماد 23"
  },
  {
    "name": "نماد 24",
    "icon": "نماد24",
    "desc": "توضیح نماد 24"
  },
  {
    "name": "نماد 25",
    "icon": "نماد25",
    "desc": "توضیح نماد 25"
  },
  {
    "name": "نماد 26",
    "icon": "نماد26",
    "desc": "توضیح نماد 26"
  },
  {
    "name": "نماد 27",
    "icon": "نماد27",
    "desc": "توضیح نماد 27"
  },
  {
    "name": "نماد 28",
    "icon": "نماد28",
    "desc": "توضیح نماد 28"
  },
  {
    "name": "نماد 29",
    "icon": "نماد29",
    "desc": "توضیح نماد 29"
  },
  {
    "name": "نماد 30",
    "icon": "نماد30",
    "desc": "توضیح نماد 30"
  },
  {
    "name": "نماد 31",
    "icon": "نماد31",
    "desc": "توضیح نماد 31"
  },
  {
    "name": "نماد 32",
    "icon": "نماد32",
    "desc": "توضیح نماد 32"
  },
  {
    "name": "نماد 33",
    "icon": "نماد33",
    "desc": "توضیح نماد 33"
  },
  {
    "name": "نماد 34",
    "icon": "نماد34",
    "desc": "توضیح نماد 34"
  },
  {
    "name": "نماد 35",
    "icon": "نماد35",
    "desc": "توضیح نماد 35"
  },
  {
    "name": "نماد 36",
    "icon": "نماد36",
    "desc": "توضیح نماد 36"
  },
  {
    "name": "نماد 37",
    "icon": "نماد37",
    "desc": "توضیح نماد 37"
  },
  {
    "name": "نماد 38",
    "icon": "نماد38",
    "desc": "توضیح نماد 38"
  },
  {
    "name": "نماد 39",
    "icon": "نماد39",
    "desc": "توضیح نماد 39"
  },
  {
    "name": "نماد 40",
    "icon": "نماد40",
    "desc": "توضیح نماد 40"
  },
  {
    "name": "نماد 41",
    "icon": "نماد41",
    "desc": "توضیح نماد 41"
  },
  {
    "name": "نماد 42",
    "icon": "نماد42",
    "desc": "توضیح نماد 42"
  },
  {
    "name": "نماد 43",
    "icon": "نماد43",
    "desc": "توضیح نماد 43"
  },
  {
    "name": "نماد 44",
    "icon": "نماد44",
    "desc": "توضیح نماد 44"
  },
  {
    "name": "نماد 45",
    "icon": "نماد45",
    "desc": "توضیح نماد 45"
  },
  {
    "name": "نماد 46",
    "icon": "نماد46",
    "desc": "توضیح نماد 46"
  },
  {
    "name": "نماد 47",
    "icon": "نماد47",
    "desc": "توضیح نماد 47"
  },
  {
    "name": "نماد 48",
    "icon": "نماد48",
    "desc": "توضیح نماد 48"
  },
  {
    "name": "نماد 49",
    "icon": "نماد49",
    "desc": "توضیح نماد 49"
  },
  {
    "name": "نماد 50",
    "icon": "نماد50",
    "desc": "توضیح نماد 50"
  },
  {
    "name": "نماد 51",
    "icon": "نماد51",
    "desc": "توضیح نماد 51"
  },
  {
    "name": "نماد 52",
    "icon": "نماد52",
    "desc": "توضیح نماد 52"
  },
  {
    "name": "نماد 53",
    "icon": "نماد53",
    "desc": "توضیح نماد 53"
  },
  {
    "name": "نماد 54",
    "icon": "نماد54",
    "desc": "توضیح نماد 54"
  },
  {
    "name": "نماد 55",
    "icon": "نماد55",
    "desc": "توضیح نماد 55"
  },
  {
    "name": "نماد 56",
    "icon": "نماد56",
    "desc": "توضیح نماد 56"
  },
  {
    "name": "نماد 57",
    "icon": "نماد57",
    "desc": "توضیح نماد 57"
  },
  {
    "name": "نماد 58",
    "icon": "نماد58",
    "desc": "توضیح نماد 58"
  },
  {
    "name": "نماد 59",
    "icon": "نماد59",
    "desc": "توضیح نماد 59"
  },
  {
    "name": "نماد 60",
    "icon": "نماد60",
    "desc": "توضیح نماد 60"
  },
  {
    "name": "نماد 61",
    "icon": "نماد61",
    "desc": "توضیح نماد 61"
  },
  {
    "name": "نماد 62",
    "icon": "نماد62",
    "desc": "توضیح نماد 62"
  },
  {
    "name": "نماد 63",
    "icon": "نماد63",
    "desc": "توضیح نماد 63"
  },
  {
    "name": "نماد 64",
    "icon": "نماد64",
    "desc": "توضیح نماد 64"
  },
  {
    "name": "نماد 65",
    "icon": "نماد65",
    "desc": "توضیح نماد 65"
  },
  {
    "name": "نماد 66",
    "icon": "نماد66",
    "desc": "توضیح نماد 66"
  },
  {
    "name": "نماد 67",
    "icon": "نماد67",
    "desc": "توضیح نماد 67"
  },
  {
    "name": "نماد 68",
    "icon": "نماد68",
    "desc": "توضیح نماد 68"
  },
  {
    "name": "نماد 69",
    "icon": "نماد69",
    "desc": "توضیح نماد 69"
  },
  {
    "name": "نماد 70",
    "icon": "نماد70",
    "desc": "توضیح نماد 70"
  },
  {
    "name": "نماد 71",
    "icon": "نماد71",
    "desc": "توضیح نماد 71"
  },
  {
    "name": "نماد 72",
    "icon": "نماد72",
    "desc": "توضیح نماد 72"
  },
  {
    "name": "نماد 73",
    "icon": "نماد73",
    "desc": "توضیح نماد 73"
  },
  {
    "name": "نماد 74",
    "icon": "نماد74",
    "desc": "توضیح نماد 74"
  },
  {
    "name": "نماد 75",
    "icon": "نماد75",
    "desc": "توضیح نماد 75"
  },
  {
    "name": "نماد 76",
    "icon": "نماد76",
    "desc": "توضیح نماد 76"
  },
  {
    "name": "نماد 77",
    "icon": "نماد77",
    "desc": "توضیح نماد 77"
  },
  {
    "name": "نماد 78",
    "icon": "نماد78",
    "desc": "توضیح نماد 78"
  },
  {
    "name": "نماد 79",
    "icon": "نماد79",
    "desc": "توضیح نماد 79"
  },
  {
    "name": "نماد 80",
    "icon": "نماد80",
    "desc": "توضیح نماد 80"
  },
  {
    "name": "نماد 81",
    "icon": "نماد81",
    "desc": "توضیح نماد 81"
  },
  {
    "name": "نماد 82",
    "icon": "نماد82",
    "desc": "توضیح نماد 82"
  },
  {
    "name": "نماد 83",
    "icon": "نماد83",
    "desc": "توضیح نماد 83"
  },
  {
    "name": "نماد 84",
    "icon": "نماد84",
    "desc": "توضیح نماد 84"
  },
  {
    "name": "نماد 85",
    "icon": "نماد85",
    "desc": "توضیح نماد 85"
  },
  {
    "name": "نماد 86",
    "icon": "نماد86",
    "desc": "توضیح نماد 86"
  },
  {
    "name": "نماد 87",
    "icon": "نماد87",
    "desc": "توضیح نماد 87"
  },
  {
    "name": "نماد 88",
    "icon": "نماد88",
    "desc": "توضیح نماد 88"
  },
  {
    "name": "نماد 89",
    "icon": "نماد89",
    "desc": "توضیح نماد 89"
  },
  {
    "name": "نماد 90",
    "icon": "نماد90",
    "desc": "توضیح نماد 90"
  },
  {
    "name": "نماد 91",
    "icon": "نماد91",
    "desc": "توضیح نماد 91"
  },
  {
    "name": "نماد 92",
    "icon": "نماد92",
    "desc": "توضیح نماد 92"
  },
  {
    "name": "نماد 93",
    "icon": "نماد93",
    "desc": "توضیح نماد 93"
  },
  {
    "name": "نماد 94",
    "icon": "نماد94",
    "desc": "توضیح نماد 94"
  },
  {
    "name": "نماد 95",
    "icon": "نماد95",
    "desc": "توضیح نماد 95"
  },
  {
    "name": "نماد 96",
    "icon": "نماد96",
    "desc": "توضیح نماد 96"
  },
  {
    "name": "نماد 97",
    "icon": "نماد97",
    "desc": "توضیح نماد 97"
  },
  {
    "name": "نماد 98",
    "icon": "نماد98",
    "desc": "توضیح نماد 98"
  },
  {
    "name": "نماد 99",
    "icon": "نماد99",
    "desc": "توضیح نماد 99"
  },
  {
    "name": "نماد 100",
    "icon": "نماد100",
    "desc": "توضیح نماد 100"
  },
  {
    "name": "نماد 101",
    "icon": "نماد101",
    "desc": "توضیح نماد 101"
  },
  {
    "name": "نماد 102",
    "icon": "نماد102",
    "desc": "توضیح نماد 102"
  },
  {
    "name": "نماد 103",
    "icon": "نماد103",
    "desc": "توضیح نماد 103"
  },
  {
    "name": "نماد 104",
    "icon": "نماد104",
    "desc": "توضیح نماد 104"
  },
  {
    "name": "نماد 105",
    "icon": "نماد105",
    "desc": "توضیح نماد 105"
  },
  {
    "name": "نماد 106",
    "icon": "نماد106",
    "desc": "توضیح نماد 106"
  },
  {
    "name": "نماد 107",
    "icon": "نماد107",
    "desc": "توضیح نماد 107"
  },
  {
    "name": "نماد 108",
    "icon": "نماد108",
    "desc": "توضیح نماد 108"
  },
  {
    "name": "نماد 109",
    "icon": "نماد109",
    "desc": "توضیح نماد 109"
  },
  {
    "name": "نماد 110",
    "icon": "نماد110",
    "desc": "توضیح نماد 110"
  },
  {
    "name": "نماد 111",
    "icon": "نماد111",
    "desc": "توضیح نماد 111"
  },
  {
    "name": "نماد 112",
    "icon": "نماد112",
    "desc": "توضیح نماد 112"
  },
  {
    "name": "نماد 113",
    "icon": "نماد113",
    "desc": "توضیح نماد 113"
  },
  {
    "name": "نماد 114",
    "icon": "نماد114",
    "desc": "توضیح نماد 114"
  },
  {
    "name": "نماد 115",
    "icon": "نماد115",
    "desc": "توضیح نماد 115"
  },
  {
    "name": "نماد 116",
    "icon": "نماد116",
    "desc": "توضیح نماد 116"
  },
  {
    "name": "نماد 117",
    "icon": "نماد117",
    "desc": "توضیح نماد 117"
  },
  {
    "name": "نماد 118",
    "icon": "نماد118",
    "desc": "توضیح نماد 118"
  },
  {
    "name": "نماد 119",
    "icon": "نماد119",
    "desc": "توضیح نماد 119"
  },
  {
    "name": "نماد 120",
    "icon": "نماد120",
    "desc": "توضیح نماد 120"
  },
  {
    "name": "نماد 121",
    "icon": "نماد121",
    "desc": "توضیح نماد 121"
  },
  {
    "name": "نماد 122",
    "icon": "نماد122",
    "desc": "توضیح نماد 122"
  },
  {
    "name": "نماد 123",
    "icon": "نماد123",
    "desc": "توضیح نماد 123"
  },
  {
    "name": "نماد 124",
    "icon": "نماد124",
    "desc": "توضیح نماد 124"
  },
  {
    "name": "نماد 125",
    "icon": "نماد125",
    "desc": "توضیح نماد 125"
  },
  {
    "name": "نماد 126",
    "icon": "نماد126",
    "desc": "توضیح نماد 126"
  },
  {
    "name": "نماد 127",
    "icon": "نماد127",
    "desc": "توضیح نماد 127"
  },
  {
    "name": "نماد 128",
    "icon": "نماد128",
    "desc": "توضیح نماد 128"
  },
  {
    "name": "نماد 129",
    "icon": "نماد129",
    "desc": "توضیح نماد 129"
  },
  {
    "name": "نماد 130",
    "icon": "نماد130",
    "desc": "توضیح نماد 130"
  },
  {
    "name": "نماد 131",
    "icon": "نماد131",
    "desc": "توضیح نماد 131"
  },
  {
    "name": "نماد 132",
    "icon": "نماد132",
    "desc": "توضیح نماد 132"
  },
  {
    "name": "نماد 133",
    "icon": "نماد133",
    "desc": "توضیح نماد 133"
  },
  {
    "name": "نماد 134",
    "icon": "نماد134",
    "desc": "توضیح نماد 134"
  },
  {
    "name": "نماد 135",
    "icon": "نماد135",
    "desc": "توضیح نماد 135"
  },
  {
    "name": "نماد 136",
    "icon": "نماد136",
    "desc": "توضیح نماد 136"
  },
  {
    "name": "نماد 137",
    "icon": "نماد137",
    "desc": "توضیح نماد 137"
  },
  {
    "name": "نماد 138",
    "icon": "نماد138",
    "desc": "توضیح نماد 138"
  },
  {
    "name": "نماد 139",
    "icon": "نماد139",
    "desc": "توضیح نماد 139"
  },
  {
    "name": "نماد 140",
    "icon": "نماد140",
    "desc": "توضیح نماد 140"
  },
  {
    "name": "نماد 141",
    "icon": "نماد141",
    "desc": "توضیح نماد 141"
  },
  {
    "name": "نماد 142",
    "icon": "نماد142",
    "desc": "توضیح نماد 142"
  },
  {
    "name": "نماد 143",
    "icon": "نماد143",
    "desc": "توضیح نماد 143"
  },
  {
    "name": "نماد 144",
    "icon": "نماد144",
    "desc": "توضیح نماد 144"
  },
  {
    "name": "نماد 145",
    "icon": "نماد145",
    "desc": "توضیح نماد 145"
  },
  {
    "name": "نماد 146",
    "icon": "نماد146",
    "desc": "توضیح نماد 146"
  },
  {
    "name": "نماد 147",
    "icon": "نماد147",
    "desc": "توضیح نماد 147"
  },
  {
    "name": "نماد 148",
    "icon": "نماد148",
    "desc": "توضیح نماد 148"
  },
  {
    "name": "نماد 149",
    "icon": "نماد149",
    "desc": "توضیح نماد 149"
  },
  {
    "name": "نماد 150",
    "icon": "نماد150",
    "desc": "توضیح نماد 150"
  },
  {
    "name": "نماد 151",
    "icon": "نماد151",
    "desc": "توضیح نماد 151"
  },
  {
    "name": "نماد 152",
    "icon": "نماد152",
    "desc": "توضیح نماد 152"
  },
  {
    "name": "نماد 153",
    "icon": "نماد153",
    "desc": "توضیح نماد 153"
  },
  {
    "name": "نماد 154",
    "icon": "نماد154",
    "desc": "توضیح نماد 154"
  },
  {
    "name": "نماد 155",
    "icon": "نماد155",
    "desc": "توضیح نماد 155"
  },
  {
    "name": "نماد 156",
    "icon": "نماد156",
    "desc": "توضیح نماد 156"
  },
  {
    "name": "نماد 157",
    "icon": "نماد157",
    "desc": "توضیح نماد 157"
  },
  {
    "name": "نماد 158",
    "icon": "نماد158",
    "desc": "توضیح نماد 158"
  },
  {
    "name": "نماد 159",
    "icon": "نماد159",
    "desc": "توضیح نماد 159"
  },
  {
    "name": "نماد 160",
    "icon": "نماد160",
    "desc": "توضیح نماد 160"
  },
  {
    "name": "نماد 161",
    "icon": "نماد161",
    "desc": "توضیح نماد 161"
  },
  {
    "name": "نماد 162",
    "icon": "نماد162",
    "desc": "توضیح نماد 162"
  },
  {
    "name": "نماد 163",
    "icon": "نماد163",
    "desc": "توضیح نماد 163"
  },
  {
    "name": "نماد 164",
    "icon": "نماد164",
    "desc": "توضیح نماد 164"
  },
  {
    "name": "نماد 165",
    "icon": "نماد165",
    "desc": "توضیح نماد 165"
  },
  {
    "name": "نماد 166",
    "icon": "نماد166",
    "desc": "توضیح نماد 166"
  },
  {
    "name": "نماد 167",
    "icon": "نماد167",
    "desc": "توضیح نماد 167"
  },
  {
    "name": "نماد 168",
    "icon": "نماد168",
    "desc": "توضیح نماد 168"
  },
  {
    "name": "نماد 169",
    "icon": "نماد169",
    "desc": "توضیح نماد 169"
  },
  {
    "name": "نماد 170",
    "icon": "نماد170",
    "desc": "توضیح نماد 170"
  },
  {
    "name": "نماد 171",
    "icon": "نماد171",
    "desc": "توضیح نماد 171"
  },
  {
    "name": "نماد 172",
    "icon": "نماد172",
    "desc": "توضیح نماد 172"
  },
  {
    "name": "نماد 173",
    "icon": "نماد173",
    "desc": "توضیح نماد 173"
  },
  {
    "name": "نماد 174",
    "icon": "نماد174",
    "desc": "توضیح نماد 174"
  },
  {
    "name": "نماد 175",
    "icon": "نماد175",
    "desc": "توضیح نماد 175"
  },
  {
    "name": "نماد 176",
    "icon": "نماد176",
    "desc": "توضیح نماد 176"
  },
  {
    "name": "نماد 177",
    "icon": "نماد177",
    "desc": "توضیح نماد 177"
  },
  {
    "name": "نماد 178",
    "icon": "نماد178",
    "desc": "توضیح نماد 178"
  },
  {
    "name": "نماد 179",
    "icon": "نماد179",
    "desc": "توضیح نماد 179"
  },
  {
    "name": "نماد 180",
    "icon": "نماد180",
    "desc": "توضیح نماد 180"
  },
  {
    "name": "نماد 181",
    "icon": "نماد181",
    "desc": "توضیح نماد 181"
  },
  {
    "name": "نماد 182",
    "icon": "نماد182",
    "desc": "توضیح نماد 182"
  },
  {
    "name": "نماد 183",
    "icon": "نماد183",
    "desc": "توضیح نماد 183"
  },
  {
    "name": "نماد 184",
    "icon": "نماد184",
    "desc": "توضیح نماد 184"
  },
  {
    "name": "نماد 185",
    "icon": "نماد185",
    "desc": "توضیح نماد 185"
  },
  {
    "name": "نماد 186",
    "icon": "نماد186",
    "desc": "توضیح نماد 186"
  },
  {
    "name": "نماد 187",
    "icon": "نماد187",
    "desc": "توضیح نماد 187"
  },
  {
    "name": "نماد 188",
    "icon": "نماد188",
    "desc": "توضیح نماد 188"
  },
  {
    "name": "نماد 189",
    "icon": "نماد189",
    "desc": "توضیح نماد 189"
  },
  {
    "name": "نماد 190",
    "icon": "نماد190",
    "desc": "توضیح نماد 190"
  },
  {
    "name": "نماد 191",
    "icon": "نماد191",
    "desc": "توضیح نماد 191"
  },
  {
    "name": "نماد 192",
    "icon": "نماد192",
    "desc": "توضیح نماد 192"
  },
  {
    "name": "نماد 193",
    "icon": "نماد193",
    "desc": "توضیح نماد 193"
  },
  {
    "name": "نماد 194",
    "icon": "نماد194",
    "desc": "توضیح نماد 194"
  },
  {
    "name": "نماد 195",
    "icon": "نماد195",
    "desc": "توضیح نماد 195"
  },
  {
    "name": "نماد 196",
    "icon": "نماد196",
    "desc": "توضیح نماد 196"
  },
  {
    "name": "نماد 197",
    "icon": "نماد197",
    "desc": "توضیح نماد 197"
  },
  {
    "name": "نماد 198",
    "icon": "نماد198",
    "desc": "توضیح نماد 198"
  },
  {
    "name": "نماد 199",
    "icon": "نماد199",
    "desc": "توضیح نماد 199"
  },
  {
    "name": "نماد 200",
    "icon": "نماد200",
    "desc": "توضیح نماد 200"
  },
  {
    "name": "نماد 201",
    "icon": "نماد201",
    "desc": "توضیح نماد 201"
  },
  {
    "name": "نماد 202",
    "icon": "نماد202",
    "desc": "توضیح نماد 202"
  },
  {
    "name": "نماد 203",
    "icon": "نماد203",
    "desc": "توضیح نماد 203"
  },
  {
    "name": "نماد 204",
    "icon": "نماد204",
    "desc": "توضیح نماد 204"
  },
  {
    "name": "نماد 205",
    "icon": "نماد205",
    "desc": "توضیح نماد 205"
  },
  {
    "name": "نماد 206",
    "icon": "نماد206",
    "desc": "توضیح نماد 206"
  },
  {
    "name": "نماد 207",
    "icon": "نماد207",
    "desc": "توضیح نماد 207"
  },
  {
    "name": "نماد 208",
    "icon": "نماد208",
    "desc": "توضیح نماد 208"
  },
  {
    "name": "نماد 209",
    "icon": "نماد209",
    "desc": "توضیح نماد 209"
  },
  {
    "name": "نماد 210",
    "icon": "نماد210",
    "desc": "توضیح نماد 210"
  },
  {
    "name": "نماد 211",
    "icon": "نماد211",
    "desc": "توضیح نماد 211"
  },
  {
    "name": "نماد 212",
    "icon": "نماد212",
    "desc": "توضیح نماد 212"
  },
  {
    "name": "نماد 213",
    "icon": "نماد213",
    "desc": "توضیح نماد 213"
  },
  {
    "name": "نماد 214",
    "icon": "نماد214",
    "desc": "توضیح نماد 214"
  },
  {
    "name": "نماد 215",
    "icon": "نماد215",
    "desc": "توضیح نماد 215"
  },
  {
    "name": "نماد 216",
    "icon": "نماد216",
    "desc": "توضیح نماد 216"
  },
  {
    "name": "نماد 217",
    "icon": "نماد217",
    "desc": "توضیح نماد 217"
  },
  {
    "name": "نماد 218",
    "icon": "نماد218",
    "desc": "توضیح نماد 218"
  },
  {
    "name": "نماد 219",
    "icon": "نماد219",
    "desc": "توضیح نماد 219"
  },
  {
    "name": "نماد 220",
    "icon": "نماد220",
    "desc": "توضیح نماد 220"
  },
  {
    "name": "نماد 221",
    "icon": "نماد221",
    "desc": "توضیح نماد 221"
  },
  {
    "name": "نماد 222",
    "icon": "نماد222",
    "desc": "توضیح نماد 222"
  },
  {
    "name": "نماد 223",
    "icon": "نماد223",
    "desc": "توضیح نماد 223"
  },
  {
    "name": "نماد 224",
    "icon": "نماد224",
    "desc": "توضیح نماد 224"
  },
  {
    "name": "نماد 225",
    "icon": "نماد225",
    "desc": "توضیح نماد 225"
  },
  {
    "name": "نماد 226",
    "icon": "نماد226",
    "desc": "توضیح نماد 226"
  },
  {
    "name": "نماد 227",
    "icon": "نماد227",
    "desc": "توضیح نماد 227"
  },
  {
    "name": "نماد 228",
    "icon": "نماد228",
    "desc": "توضیح نماد 228"
  },
  {
    "name": "نماد 229",
    "icon": "نماد229",
    "desc": "توضیح نماد 229"
  },
  {
    "name": "نماد 230",
    "icon": "نماد230",
    "desc": "توضیح نماد 230"
  },
  {
    "name": "نماد 231",
    "icon": "نماد231",
    "desc": "توضیح نماد 231"
  },
  {
    "name": "نماد 232",
    "icon": "نماد232",
    "desc": "توضیح نماد 232"
  },
  {
    "name": "نماد 233",
    "icon": "نماد233",
    "desc": "توضیح نماد 233"
  },
  {
    "name": "نماد 234",
    "icon": "نماد234",
    "desc": "توضیح نماد 234"
  },
  {
    "name": "نماد 235",
    "icon": "نماد235",
    "desc": "توضیح نماد 235"
  },
  {
    "name": "نماد 236",
    "icon": "نماد236",
    "desc": "توضیح نماد 236"
  },
  {
    "name": "نماد 237",
    "icon": "نماد237",
    "desc": "توضیح نماد 237"
  },
  {
    "name": "نماد 238",
    "icon": "نماد238",
    "desc": "توضیح نماد 238"
  },
  {
    "name": "نماد 239",
    "icon": "نماد239",
    "desc": "توضیح نماد 239"
  },
  {
    "name": "نماد 240",
    "icon": "نماد240",
    "desc": "توضیح نماد 240"
  },
  {
    "name": "نماد 241",
    "icon": "نماد241",
    "desc": "توضیح نماد 241"
  },
  {
    "name": "نماد 242",
    "icon": "نماد242",
    "desc": "توضیح نماد 242"
  },
  {
    "name": "نماد 243",
    "icon": "نماد243",
    "desc": "توضیح نماد 243"
  },
  {
    "name": "نماد 244",
    "icon": "نماد244",
    "desc": "توضیح نماد 244"
  },
  {
    "name": "نماد 245",
    "icon": "نماد245",
    "desc": "توضیح نماد 245"
  },
  {
    "name": "نماد 246",
    "icon": "نماد246",
    "desc": "توضیح نماد 246"
  },
  {
    "name": "نماد 247",
    "icon": "نماد247",
    "desc": "توضیح نماد 247"
  },
  {
    "name": "نماد 248",
    "icon": "نماد248",
    "desc": "توضیح نماد 248"
  },
  {
    "name": "نماد 249",
    "icon": "نماد249",
    "desc": "توضیح نماد 249"
  },
  {
    "name": "نماد 250",
    "icon": "نماد250",
    "desc": "توضیح نماد 250"
  },
  {
    "name": "نماد 251",
    "icon": "نماد251",
    "desc": "توضیح نماد 251"
  },
  {
    "name": "نماد 252",
    "icon": "نماد252",
    "desc": "توضیح نماد 252"
  },
  {
    "name": "نماد 253",
    "icon": "نماد253",
    "desc": "توضیح نماد 253"
  },
  {
    "name": "نماد 254",
    "icon": "نماد254",
    "desc": "توضیح نماد 254"
  },
  {
    "name": "نماد 255",
    "icon": "نماد255",
    "desc": "توضیح نماد 255"
  },
  {
    "name": "نماد 256",
    "icon": "نماد256",
    "desc": "توضیح نماد 256"
  },
  {
    "name": "نماد 257",
    "icon": "نماد257",
    "desc": "توضیح نماد 257"
  },
  {
    "name": "نماد 258",
    "icon": "نماد258",
    "desc": "توضیح نماد 258"
  },
  {
    "name": "نماد 259",
    "icon": "نماد259",
    "desc": "توضیح نماد 259"
  },
  {
    "name": "نماد 260",
    "icon": "نماد260",
    "desc": "توضیح نماد 260"
  },
  {
    "name": "نماد 261",
    "icon": "نماد261",
    "desc": "توضیح نماد 261"
  },
  {
    "name": "نماد 262",
    "icon": "نماد262",
    "desc": "توضیح نماد 262"
  },
  {
    "name": "نماد 263",
    "icon": "نماد263",
    "desc": "توضیح نماد 263"
  },
  {
    "name": "نماد 264",
    "icon": "نماد264",
    "desc": "توضیح نماد 264"
  },
  {
    "name": "نماد 265",
    "icon": "نماد265",
    "desc": "توضیح نماد 265"
  },
  {
    "name": "نماد 266",
    "icon": "نماد266",
    "desc": "توضیح نماد 266"
  },
  {
    "name": "نماد 267",
    "icon": "نماد267",
    "desc": "توضیح نماد 267"
  },
  {
    "name": "نماد 268",
    "icon": "نماد268",
    "desc": "توضیح نماد 268"
  },
  {
    "name": "نماد 269",
    "icon": "نماد269",
    "desc": "توضیح نماد 269"
  },
  {
    "name": "نماد 270",
    "icon": "نماد270",
    "desc": "توضیح نماد 270"
  },
  {
    "name": "نماد 271",
    "icon": "نماد271",
    "desc": "توضیح نماد 271"
  },
  {
    "name": "نماد 272",
    "icon": "نماد272",
    "desc": "توضیح نماد 272"
  },
  {
    "name": "نماد 273",
    "icon": "نماد273",
    "desc": "توضیح نماد 273"
  },
  {
    "name": "نماد 274",
    "icon": "نماد274",
    "desc": "توضیح نماد 274"
  },
  {
    "name": "نماد 275",
    "icon": "نماد275",
    "desc": "توضیح نماد 275"
  },
  {
    "name": "نماد 276",
    "icon": "نماد276",
    "desc": "توضیح نماد 276"
  },
  {
    "name": "نماد 277",
    "icon": "نماد277",
    "desc": "توضیح نماد 277"
  },
  {
    "name": "نماد 278",
    "icon": "نماد278",
    "desc": "توضیح نماد 278"
  },
  {
    "name": "نماد 279",
    "icon": "نماد279",
    "desc": "توضیح نماد 279"
  },
  {
    "name": "نماد 280",
    "icon": "نماد280",
    "desc": "توضیح نماد 280"
  },
  {
    "name": "نماد 281",
    "icon": "نماد281",
    "desc": "توضیح نماد 281"
  },
  {
    "name": "نماد 282",
    "icon": "نماد282",
    "desc": "توضیح نماد 282"
  },
  {
    "name": "نماد 283",
    "icon": "نماد283",
    "desc": "توضیح نماد 283"
  },
  {
    "name": "نماد 284",
    "icon": "نماد284",
    "desc": "توضیح نماد 284"
  },
  {
    "name": "نماد 285",
    "icon": "نماد285",
    "desc": "توضیح نماد 285"
  },
  {
    "name": "نماد 286",
    "icon": "نماد286",
    "desc": "توضیح نماد 286"
  },
  {
    "name": "نماد 287",
    "icon": "نماد287",
    "desc": "توضیح نماد 287"
  },
  {
    "name": "نماد 288",
    "icon": "نماد288",
    "desc": "توضیح نماد 288"
  },
  {
    "name": "نماد 289",
    "icon": "نماد289",
    "desc": "توضیح نماد 289"
  },
  {
    "name": "نماد 290",
    "icon": "نماد290",
    "desc": "توضیح نماد 290"
  },
  {
    "name": "نماد 291",
    "icon": "نماد291",
    "desc": "توضیح نماد 291"
  },
  {
    "name": "نماد 292",
    "icon": "نماد292",
    "desc": "توضیح نماد 292"
  },
  {
    "name": "نماد 293",
    "icon": "نماد293",
    "desc": "توضیح نماد 293"
  },
  {
    "name": "نماد 294",
    "icon": "نماد294",
    "desc": "توضیح نماد 294"
  },
  {
    "name": "نماد 295",
    "icon": "نماد295",
    "desc": "توضیح نماد 295"
  },
  {
    "name": "نماد 296",
    "icon": "نماد296",
    "desc": "توضیح نماد 296"
  },
  {
    "name": "نماد 297",
    "icon": "نماد297",
    "desc": "توضیح نماد 297"
  },
  {
    "name": "نماد 298",
    "icon": "نماد298",
    "desc": "توضیح نماد 298"
  },
  {
    "name": "نماد 299",
    "icon": "نماد299",
    "desc": "توضیح نماد 299"
  },
  {
    "name": "نماد 300",
    "icon": "نماد300",
    "desc": "توضیح نماد 300"
  },
  {
    "name": "نماد 301",
    "icon": "نماد301",
    "desc": "توضیح نماد 301"
  },
  {
    "name": "نماد 302",
    "icon": "نماد302",
    "desc": "توضیح نماد 302"
  },
  {
    "name": "نماد 303",
    "icon": "نماد303",
    "desc": "توضیح نماد 303"
  },
  {
    "name": "نماد 304",
    "icon": "نماد304",
    "desc": "توضیح نماد 304"
  },
  {
    "name": "نماد 305",
    "icon": "نماد305",
    "desc": "توضیح نماد 305"
  },
  {
    "name": "نماد 306",
    "icon": "نماد306",
    "desc": "توضیح نماد 306"
  },
  {
    "name": "نماد 307",
    "icon": "نماد307",
    "desc": "توضیح نماد 307"
  },
  {
    "name": "نماد 308",
    "icon": "نماد308",
    "desc": "توضیح نماد 308"
  },
  {
    "name": "نماد 309",
    "icon": "نماد309",
    "desc": "توضیح نماد 309"
  },
  {
    "name": "نماد 310",
    "icon": "نماد310",
    "desc": "توضیح نماد 310"
  },
  {
    "name": "نماد 311",
    "icon": "نماد311",
    "desc": "توضیح نماد 311"
  },
  {
    "name": "نماد 312",
    "icon": "نماد312",
    "desc": "توضیح نماد 312"
  },
  {
    "name": "نماد 313",
    "icon": "نماد313",
    "desc": "توضیح نماد 313"
  },
  {
    "name": "نماد 314",
    "icon": "نماد314",
    "desc": "توضیح نماد 314"
  },
  {
    "name": "نماد 315",
    "icon": "نماد315",
    "desc": "توضیح نماد 315"
  },
  {
    "name": "نماد 316",
    "icon": "نماد316",
    "desc": "توضیح نماد 316"
  },
  {
    "name": "نماد 317",
    "icon": "نماد317",
    "desc": "توضیح نماد 317"
  },
  {
    "name": "نماد 318",
    "icon": "نماد318",
    "desc": "توضیح نماد 318"
  },
  {
    "name": "نماد 319",
    "icon": "نماد319",
    "desc": "توضیح نماد 319"
  },
  {
    "name": "نماد 320",
    "icon": "نماد320",
    "desc": "توضیح نماد 320"
  },
  {
    "name": "نماد 321",
    "icon": "نماد321",
    "desc": "توضیح نماد 321"
  },
  {
    "name": "نماد 322",
    "icon": "نماد322",
    "desc": "توضیح نماد 322"
  },
  {
    "name": "نماد 323",
    "icon": "نماد323",
    "desc": "توضیح نماد 323"
  },
  {
    "name": "نماد 324",
    "icon": "نماد324",
    "desc": "توضیح نماد 324"
  },
  {
    "name": "نماد 325",
    "icon": "نماد325",
    "desc": "توضیح نماد 325"
  },
  {
    "name": "نماد 326",
    "icon": "نماد326",
    "desc": "توضیح نماد 326"
  },
  {
    "name": "نماد 327",
    "icon": "نماد327",
    "desc": "توضیح نماد 327"
  },
  {
    "name": "نماد 328",
    "icon": "نماد328",
    "desc": "توضیح نماد 328"
  },
  {
    "name": "نماد 329",
    "icon": "نماد329",
    "desc": "توضیح نماد 329"
  },
  {
    "name": "نماد 330",
    "icon": "نماد330",
    "desc": "توضیح نماد 330"
  },
  {
    "name": "نماد 331",
    "icon": "نماد331",
    "desc": "توضیح نماد 331"
  },
  {
    "name": "نماد 332",
    "icon": "نماد332",
    "desc": "توضیح نماد 332"
  },
  {
    "name": "نماد 333",
    "icon": "نماد333",
    "desc": "توضیح نماد 333"
  },
  {
    "name": "نماد 334",
    "icon": "نماد334",
    "desc": "توضیح نماد 334"
  },
  {
    "name": "نماد 335",
    "icon": "نماد335",
    "desc": "توضیح نماد 335"
  },
  {
    "name": "نماد 336",
    "icon": "نماد336",
    "desc": "توضیح نماد 336"
  },
  {
    "name": "نماد 337",
    "icon": "نماد337",
    "desc": "توضیح نماد 337"
  },
  {
    "name": "نماد 338",
    "icon": "نماد338",
    "desc": "توضیح نماد 338"
  },
  {
    "name": "نماد 339",
    "icon": "نماد339",
    "desc": "توضیح نماد 339"
  },
  {
    "name": "نماد 340",
    "icon": "نماد340",
    "desc": "توضیح نماد 340"
  },
  {
    "name": "نماد 341",
    "icon": "نماد341",
    "desc": "توضیح نماد 341"
  },
  {
    "name": "نماد 342",
    "icon": "نماد342",
    "desc": "توضیح نماد 342"
  },
  {
    "name": "نماد 343",
    "icon": "نماد343",
    "desc": "توضیح نماد 343"
  },
  {
    "name": "نماد 344",
    "icon": "نماد344",
    "desc": "توضیح نماد 344"
  },
  {
    "name": "نماد 345",
    "icon": "نماد345",
    "desc": "توضیح نماد 345"
  },
  {
    "name": "نماد 346",
    "icon": "نماد346",
    "desc": "توضیح نماد 346"
  },
  {
    "name": "نماد 347",
    "icon": "نماد347",
    "desc": "توضیح نماد 347"
  },
  {
    "name": "نماد 348",
    "icon": "نماد348",
    "desc": "توضیح نماد 348"
  },
  {
    "name": "نماد 349",
    "icon": "نماد349",
    "desc": "توضیح نماد 349"
  },
  {
    "name": "نماد 350",
    "icon": "نماد350",
    "desc": "توضیح نماد 350"
  },
  {
    "name": "نماد 351",
    "icon": "نماد351",
    "desc": "توضیح نماد 351"
  },
  {
    "name": "نماد 352",
    "icon": "نماد352",
    "desc": "توضیح نماد 352"
  },
  {
    "name": "نماد 353",
    "icon": "نماد353",
    "desc": "توضیح نماد 353"
  },
  {
    "name": "نماد 354",
    "icon": "نماد354",
    "desc": "توضیح نماد 354"
  },
  {
    "name": "نماد 355",
    "icon": "نماد355",
    "desc": "توضیح نماد 355"
  },
  {
    "name": "نماد 356",
    "icon": "نماد356",
    "desc": "توضیح نماد 356"
  },
  {
    "name": "نماد 357",
    "icon": "نماد357",
    "desc": "توضیح نماد 357"
  },
  {
    "name": "نماد 358",
    "icon": "نماد358",
    "desc": "توضیح نماد 358"
  },
  {
    "name": "نماد 359",
    "icon": "نماد359",
    "desc": "توضیح نماد 359"
  },
  {
    "name": "نماد 360",
    "icon": "نماد360",
    "desc": "توضیح نماد 360"
  },
  {
    "name": "نماد 361",
    "icon": "نماد361",
    "desc": "توضیح نماد 361"
  },
  {
    "name": "نماد 362",
    "icon": "نماد362",
    "desc": "توضیح نماد 362"
  },
  {
    "name": "نماد 363",
    "icon": "نماد363",
    "desc": "توضیح نماد 363"
  },
  {
    "name": "نماد 364",
    "icon": "نماد364",
    "desc": "توضیح نماد 364"
  },
  {
    "name": "نماد 365",
    "icon": "نماد365",
    "desc": "توضیح نماد 365"
  }
]